year,county,nuts3,ndvi_mean,ndwi_mean,ndbi_mean,s1_soil_moisture,rainfall_total_mm,t2m_mean_c,lst_day_summer_c,no2_column_mol_m2_e5,ch4_ppb,viirs_nl_rad_nW,disposable_income_eur,deprivation_index_std,farm_count,cattle_head,sheep_head,pct_arable,pct_pasture,pct_forest,pct_urban,pct_other,impervious_pct,cap_support_eur_per_ha,stocking_rate_lu_per_ha,ghg_kgco2e_per_ha,fertilizer_n_kg_per_ha,synthetic
2016,Carlow,South-East,0.681,0.103,0.047,0.296,1060,10.12,16.97,4.86,1907.3,3.05,21335,-3.89,2620,310888,131121,3.47,46.89,6.28,5.88,37.5,2.83,229.37,1.26,6245,165,True
2017,Carlow,South-East,0.596,0.159,0.068,0.206,1047,10.27,15.23,3.79,1910.4,1.76,21488,-3.3,4873,317520,154455,8.98,46.31,11.65,12.56,20.5,8.4,256.33,1.34,5319,110,True
2018,Carlow,South-East,0.549,0.102,0.041,0.187,945,10.83,16.52,4.77,1922.3,3.52,21329,-3.71,3616,314906,235119,3.23,37.82,11.44,6.63,40.88,4.34,296.17,1.07,5689,131,True
2019,Carlow,South-East,0.755,0.078,0.04,0.237,1095,11.1,16.51,3.55,1922.4,3.48,21793,-3.06,4594,232722,171586,4.93,48.01,12.47,6.58,28.01,4.26,251.1,1.56,6117,139,True
2020,Carlow,South-East,0.561,0.094,0.066,0.209,916,10.0,15.41,4.26,1897.8,1.9,21477,-4.01,5508,292742,214545,6.64,44.55,3.24,7.35,38.21,3.04,262.37,1.42,5867,108,True
2021,Carlow,South-East,0.597,0.079,0.07,0.223,1000,10.49,15.61,4.86,1900.5,1.47,22218,-2.53,5113,362280,250587,6.19,42.04,11.77,5.24,34.76,1.96,266.71,1.24,5305,120,True
2022,Carlow,South-East,0.682,0.029,0.043,0.235,873,10.48,14.62,3.66,1914.3,3.97,20881,-4.02,3010,311694,228145,7.3,46.78,9.75,4.36,31.8,2.43,274.53,1.47,6628,126,True
2023,Carlow,South-East,0.649,0.016,0.026,0.154,854,10.83,17.99,4.86,1924.7,2.91,22979,-1.08,3382,306563,150684,5.4,52.26,10.61,8.76,22.97,4.39,256.83,2.15,7316,109,True
2024,Carlow,South-East,0.649,0.092,0.053,0.168,871,10.49,15.66,3.49,1907.5,3.43,22404,-2.69,3292,307793,213871,6.15,38.14,10.07,7.31,38.33,4.23,275.8,1.09,6424,135,True
2016,Cavan,Border,0.631,0.225,0.089,0.278,1328,10.38,16.39,4.6,1921.9,2.08,21161,-5.06,3315,232465,411881,4.66,34.27,10.07,3.92,47.07,2.1,251.92,1.56,6107,97,True
2017,Cavan,Border,0.639,0.181,0.006,0.361,1314,10.61,14.9,4.18,1891.7,2.02,20421,-4.13,4403,264336,391738,3.0,42.99,7.58,5.73,40.7,2.98,247.68,1.62,6866,124,True
2018,Cavan,Border,0.601,0.186,0.023,0.398,1598,9.4,18.77,3.79,1902.7,0.25,19963,-8.47,5058,241491,511100,4.84,45.35,16.04,3.74,30.03,2.41,241.54,1.52,6147,107,True
2019,Cavan,Border,0.656,0.281,-0.018,0.377,1408,9.97,16.17,2.63,1910.5,2.51,21187,-4.37,3528,290634,364503,6.89,40.84,11.7,5.7,34.87,3.39,271.29,1.2,6251,130,True
2020,Cavan,Border,0.603,0.237,0.094,0.258,1315,9.13,14.17,3.56,1914.6,1.81,21807,-3.01,4683,342711,382775,4.47,56.47,12.2,3.46,23.41,1.66,243.38,1.21,6561,131,True
2021,Cavan,Border,0.594,0.223,0.005,0.341,1475,10.58,15.98,3.71,1903.7,1.41,20933,-4.81,4195,263000,417545,4.82,46.39,4.66,2.99,41.14,1.87,231.7,1.25,6466,75,True
2022,Cavan,Border,0.603,0.245,0.083,0.352,1588,10.02,15.99,4.1,1912.9,0.1,19285,-7.84,4786,320595,405014,6.14,58.65,10.22,4.95,20.04,2.86,321.6,1.34,6512,123,True
2023,Cavan,Border,0.606,0.159,0.011,0.303,1663,9.72,14.74,3.89,1915.4,4.05,21621,-3.45,2943,259571,435418,8.95,42.18,3.86,7.66,37.34,5.27,296.15,1.44,6147,76,True
2024,Cavan,Border,0.64,0.188,0.093,0.284,1292,10.13,15.92,3.61,1896.0,0.16,21133,-2.46,3756,369361,340391,11.12,45.69,13.65,4.48,25.05,2.87,317.07,1.85,6698,153,True
2016,Clare,Mid-West,0.677,0.222,-0.022,0.222,1277,11.02,14.55,2.98,1917.3,3.06,22671,-0.57,2637,622146,187895,6.96,44.8,2.8,5.89,39.55,3.26,262.02,1.37,6970,99,True
2017,Clare,Mid-West,0.732,0.149,0.03,0.247,1259,10.65,15.56,3.71,1914.4,0.48,20616,-4.7,4033,328789,245412,9.01,50.11,7.14,7.03,26.71,4.21,251.14,1.31,5917,78,True
2018,Clare,Mid-West,0.64,0.133,0.06,0.35,1018,11.02,18.47,4.87,1918.7,1.05,19950,-5.86,3482,443273,185998,10.22,50.29,8.98,3.84,26.68,1.28,303.99,2.05,7793,125,True
2019,Clare,Mid-West,0.706,0.132,-0.029,0.326,1390,9.97,15.0,4.22,1921.3,1.77,20594,-5.36,3669,453050,232814,4.64,29.98,11.05,4.34,49.98,3.01,256.55,1.02,5798,129,True
2020,Clare,Mid-West,0.68,0.082,0.07,0.24,1260,9.61,16.15,4.54,1912.4,0.1,19237,-7.47,4510,519479,209305,5.83,37.73,7.04,2.68,46.71,1.16,266.59,1.18,6851,139,True
2021,Clare,Mid-West,0.579,0.122,0.055,0.276,1293,9.77,19.65,4.49,1935.8,2.06,21170,-4.37,3744,544124,235668,8.59,31.75,10.08,7.09,42.49,4.61,290.71,1.17,5512,102,True
2022,Clare,Mid-West,0.717,0.11,0.039,0.252,976,9.99,16.03,2.87,1922.4,3.13,20606,-3.42,4506,525387,231312,6.45,46.49,7.62,10.54,28.89,4.21,239.62,1.79,7428,118,True
2023,Clare,Mid-West,0.633,0.147,0.087,0.312,1299,10.97,15.33,5.03,1930.1,0.24,20907,-5.46,4668,461531,257676,1.0,46.08,16.93,4.22,31.77,2.3,268.58,1.59,7036,117,True
2024,Clare,Mid-West,0.704,0.206,0.028,0.201,1105,10.48,18.82,4.12,1920.6,3.51,20239,-3.69,3190,488149,230790,8.06,45.44,5.13,2.69,38.68,1.6,234.56,1.03,6069,97,True
2016,Cork,South-West,0.702,0.163,0.091,0.197,1282,10.2,14.02,3.59,1941.2,1.24,20761,-4.48,12119,921364,263411,7.69,54.31,9.47,4.43,24.1,1.67,266.5,1.36,7536,125,True
2017,Cork,South-West,0.714,0.23,-0.035,0.255,1269,11.1,12.02,3.98,1921.9,1.27,19940,-4.02,12577,1026316,368663,4.69,57.94,5.33,3.74,28.3,1.27,286.42,1.73,8188,125,True
2018,Cork,South-West,0.644,0.136,-0.019,0.349,1330,11.19,14.49,3.46,1927.8,3.78,19793,-5.51,10264,709241,367321,4.64,60.83,8.91,2.49,23.13,1.55,261.08,1.54,7635,85,True
2019,Cork,South-West,0.663,0.135,0.062,0.225,1138,10.65,16.26,3.73,1938.0,1.03,21517,-5.01,12204,1038936,325520,10.16,61.09,3.48,7.97,17.31,4.04,233.86,1.47,8485,99,True
2020,Cork,South-West,0.724,0.148,0.071,0.215,1370,9.29,14.8,5.45,1933.0,2.31,21131,-3.01,11472,694910,299711,8.47,52.89,9.73,2.62,26.3,0.87,267.61,1.92,7577,166,True
2021,Cork,South-West,0.709,0.227,-0.015,0.258,1385,9.86,16.95,4.05,1935.3,2.94,21238,-5.13,12447,951326,332971,8.08,57.76,8.79,8.16,17.21,3.17,223.5,1.73,8500,136,True
2022,Cork,South-West,0.651,0.213,-0.008,0.289,1274,10.88,15.88,3.57,1948.8,1.89,21188,-3.13,12834,639492,264868,6.71,46.9,10.76,7.74,27.9,2.4,265.25,1.69,7182,152,True
2023,Cork,South-West,0.728,0.323,0.027,0.303,1576,9.98,15.33,4.03,1922.6,1.1,19386,-8.15,13240,895317,312647,8.46,53.72,8.85,4.0,24.97,2.18,284.41,1.78,9000,97,True
2024,Cork,South-West,0.692,0.146,0.028,0.268,1309,9.89,15.1,3.98,1924.3,3.16,22220,-1.15,11437,849165,261918,8.34,49.96,9.49,10.71,21.49,6.98,246.1,1.35,7814,130,True
2016,Donegal,Border,0.598,0.151,0.003,0.302,1479,11.41,15.73,4.88,1906.8,2.07,20682,-3.21,3608,413711,361777,7.7,56.08,10.75,6.09,19.37,3.77,257.36,1.74,7045,134,True
2017,Donegal,Border,0.67,0.298,0.006,0.324,1486,10.5,17.29,3.58,1903.7,0.97,20888,-3.72,4002,318018,383748,2.28,45.15,9.27,5.64,37.67,2.28,280.66,1.94,6631,123,True
2018,Donegal,Border,0.641,0.238,0.039,0.277,1430,11.15,15.86,3.92,1922.7,0.57,20585,-5.67,3552,353777,290330,9.91,44.61,7.33,4.75,33.39,1.95,312.15,1.09,5779,137,True
2019,Donegal,Border,0.621,0.172,0.027,0.335,1518,10.87,17.97,3.06,1928.6,2.88,20610,-5.63,3816,269889,405342,5.14,48.03,8.91,5.9,32.01,2.21,273.45,1.54,6448,129,True
2020,Donegal,Border,0.658,0.215,0.09,0.276,1477,11.0,16.29,4.88,1911.6,0.1,20383,-6.05,3643,337828,353011,4.87,30.46,4.25,1.0,59.43,0.58,284.3,1.35,6370,117,True
2021,Donegal,Border,0.726,0.182,0.053,0.35,1331,10.04,15.4,3.27,1912.4,1.48,20784,-4.65,3149,267065,414069,7.56,42.04,7.67,5.98,36.76,2.04,298.61,1.6,6253,112,True
2022,Donegal,Border,0.655,0.273,0.011,0.357,1484,10.44,17.34,3.92,1932.8,0.97,22009,-1.74,3743,270686,365160,7.31,41.56,8.93,4.85,37.36,2.53,317.99,1.13,6047,97,True
2023,Donegal,Border,0.674,0.211,0.069,0.336,1468,9.9,16.32,2.68,1903.0,0.1,22088,-1.95,3541,380137,282427,6.45,48.2,5.24,5.6,34.52,3.1,249.52,1.53,6725,127,True
2024,Donegal,Border,0.677,0.211,0.017,0.31,1334,9.8,15.96,2.09,1923.5,0.1,20228,-6.89,3625,241739,483579,5.88,47.86,9.23,4.69,32.33,2.04,233.74,1.36,6479,132,True
2016,Dublin,Dublin,0.554,0.107,0.369,0.184,783,9.7,16.78,8.0,1915.0,8.64,23876,1.36,3449,45867,20174,3.41,43.86,10.35,39.74,2.64,19.98,259.89,1.48,5907,58,True
2017,Dublin,Dublin,0.478,0.181,0.278,0.232,1201,10.12,17.66,8.0,1900.1,9.26,23619,1.83,5922,51128,21313,6.5,51.3,12.32,39.88,0.0,15.41,268.03,1.19,5898,103,True
2018,Dublin,Dublin,0.534,0.168,0.343,0.235,986,10.8,15.62,8.0,1892.7,10.26,23998,2.86,3790,54765,24643,3.43,37.33,4.07,40.24,14.93,23.27,210.49,0.78,4287,83,True
2019,Dublin,Dublin,0.61,0.186,0.307,0.148,1147,10.81,14.97,8.0,1888.1,7.03,23372,3.67,4475,60382,22030,7.9,46.69,9.31,41.71,0.0,13.52,234.41,1.37,5601,122,True
2020,Dublin,Dublin,0.559,0.028,0.244,0.212,836,9.68,14.52,8.0,1909.7,8.28,21921,-2.32,4440,48805,20000,6.56,45.96,6.19,43.69,0.0,17.59,233.75,1.55,5616,150,True
2021,Dublin,Dublin,0.542,0.094,0.322,0.189,965,9.94,16.18,8.0,1888.0,11.1,22592,-1.65,3764,44611,23221,4.32,46.67,6.49,42.5,0.02,22.72,288.97,1.55,5124,111,True
2022,Dublin,Dublin,0.459,0.114,0.378,0.157,1004,10.93,18.44,8.0,1902.0,9.5,22586,-2.55,4883,35651,23514,4.66,35.26,10.69,40.61,8.78,13.47,220.03,1.05,4541,89,True
2023,Dublin,Dublin,0.458,0.105,0.353,0.136,954,9.74,16.35,8.0,1914.3,7.55,24458,3.42,4446,44712,20000,7.35,39.48,9.51,40.15,3.52,13.6,200.43,1.74,5569,152,True
2024,Dublin,Dublin,0.523,0.09,0.323,0.24,804,9.88,13.89,8.0,1904.3,8.37,23758,2.12,3288,54367,20000,5.4,45.52,11.12,38.59,0.0,16.29,210.65,0.87,4898,163,True
2016,Galway,West,0.656,0.271,0.028,0.317,1499,10.7,16.12,4.19,1911.3,3.19,20746,-5.42,4022,486214,293396,8.71,57.85,8.92,4.98,19.53,2.7,288.03,1.37,6863,74,True
2017,Galway,West,0.68,0.23,-0.032,0.282,1508,9.98,14.51,2.27,1920.9,2.34,19985,-5.38,4333,363431,289109,5.84,51.62,7.77,3.62,31.15,1.26,252.09,1.39,6065,123,True
2018,Galway,West,0.708,0.277,-0.019,0.208,1519,10.2,16.66,4.56,1904.3,1.73,19489,-9.18,3538,486548,397826,4.63,57.35,4.56,1.0,32.45,0.5,275.25,1.27,6474,77,True
2019,Galway,West,0.707,0.244,-0.052,0.33,1747,9.48,15.94,3.48,1895.2,2.34,20407,-3.82,3674,374344,249254,8.3,63.46,12.64,4.82,10.77,3.17,301.38,1.98,7009,115,True
2020,Galway,West,0.665,0.221,0.047,0.262,1555,9.79,19.02,3.42,1930.0,1.21,19414,-6.53,4796,530035,395294,2.45,64.01,8.03,3.49,22.03,1.9,263.74,1.75,7803,105,True
2021,Galway,West,0.69,0.256,0.006,0.322,1505,11.07,18.7,4.33,1915.9,1.29,19321,-9.44,4118,318517,386504,5.17,56.26,8.51,4.03,26.03,2.25,289.54,1.37,6012,124,True
2022,Galway,West,0.689,0.251,0.087,0.309,1470,11.16,16.74,3.22,1922.0,1.22,20052,-5.19,4247,533584,351340,6.6,70.61,10.7,8.4,3.69,4.84,223.38,1.74,7637,112,True
2023,Galway,West,0.693,0.193,0.092,0.299,1557,10.05,15.97,4.16,1904.0,2.86,22017,-2.58,5163,375059,367512,3.23,52.27,6.54,2.1,35.85,1.37,311.95,1.37,6385,133,True
2024,Galway,West,0.711,0.155,0.142,0.256,1330,9.14,13.71,4.11,1933.4,4.41,23365,2.18,4622,519124,387329,3.95,54.98,8.49,3.9,28.68,2.39,256.55,1.74,7482,64,True
2016,Kerry,South-West,0.636,0.192,0.067,0.235,1396,9.94,14.67,4.31,1941.8,4.43,20414,-5.59,3756,935324,361960,1.16,47.48,10.05,8.4,32.92,3.74,266.3,0.98,7647,104,True
2017,Kerry,South-West,0.649,0.103,-0.067,0.263,1244,9.24,16.77,5.26,1952.6,1.65,20533,-4.37,4612,765217,316296,5.75,53.78,6.37,8.45,25.65,5.6,243.32,1.28,6867,112,True
2018,Kerry,South-West,0.674,0.165,-0.023,0.264,1488,9.88,15.98,4.35,1936.9,3.04,20980,-4.17,3264,818458,347768,7.42,47.0,16.24,3.78,25.56,2.6,226.0,1.71,7642,109,True
2019,Kerry,South-West,0.672,0.202,0.076,0.284,1324,10.89,14.48,3.98,1927.7,2.3,20094,-9.32,2109,958935,348812,7.55,67.34,9.06,3.98,12.06,2.48,252.08,1.46,8101,111,True
2020,Kerry,South-West,0.716,0.155,-0.01,0.289,1372,9.77,15.23,3.98,1941.1,2.58,20994,-4.08,4705,800659,304500,5.99,61.23,10.52,4.05,18.21,1.83,271.84,1.2,7805,104,True
2021,Kerry,South-West,0.721,0.235,0.082,0.33,1525,10.85,15.33,3.69,1929.6,3.44,20605,-5.27,5650,771058,322874,6.06,63.47,8.76,3.86,17.84,2.68,280.91,1.87,8776,101,True
2022,Kerry,South-West,0.742,0.179,0.016,0.292,1269,10.22,15.6,4.36,1939.0,4.37,21938,-2.49,5044,636037,291068,1.0,52.01,11.98,5.82,29.19,2.15,286.76,1.61,7217,106,True
2023,Kerry,South-West,0.657,0.224,0.109,0.305,1253,9.65,18.42,3.94,1940.0,2.17,20358,-4.89,3628,740829,364134,6.71,53.45,10.76,6.4,22.68,2.64,253.69,1.83,8423,87,True
2024,Kerry,South-West,0.699,0.212,-0.0,0.309,1315,10.82,14.02,4.36,1942.5,1.04,20934,-6.18,4880,592606,307604,5.84,53.87,6.17,6.51,27.61,2.06,273.87,1.54,7476,112,True
2016,Kildare,Mid-East,0.625,0.069,0.139,0.212,1062,10.04,17.11,5.88,1917.7,5.61,22109,-2.2,4639,348980,170176,3.37,38.59,11.85,8.77,37.42,5.76,303.47,1.52,6046,118,True
2017,Kildare,Mid-East,0.614,0.144,0.107,0.24,944,9.76,16.05,5.79,1940.9,1.23,20963,-2.3,4184,331519,208700,3.22,52.33,14.25,16.21,13.99,9.42,259.38,1.07,5659,95,True
2018,Kildare,Mid-East,0.622,0.167,0.164,0.242,1261,10.09,16.18,5.52,1906.6,1.82,20528,-4.99,2874,327461,157565,2.24,49.56,9.25,11.83,27.12,3.58,224.01,1.72,6254,126,True
2019,Kildare,Mid-East,0.569,0.172,0.061,0.289,1328,10.43,15.73,5.46,1892.4,3.38,22256,-1.97,2513,315722,135362,5.55,49.63,13.59,13.66,17.56,5.79,246.92,1.48,7033,138,True
2020,Kildare,Mid-East,0.571,0.081,0.057,0.213,968,9.67,12.77,5.45,1911.8,2.62,21993,-1.48,3921,292754,225714,7.77,46.4,11.86,12.04,21.93,7.1,266.83,1.43,5720,89,True
2021,Kildare,Mid-East,0.522,0.117,0.13,0.262,923,11.81,15.27,5.68,1922.5,5.61,21918,-3.3,5146,292534,171389,7.22,34.08,6.92,13.06,38.72,6.96,288.98,0.88,5944,139,True
2022,Kildare,Mid-East,0.591,0.052,0.127,0.254,869,9.95,14.34,6.24,1908.4,3.15,20640,-5.69,3012,400654,232344,5.93,46.68,6.57,10.82,30.0,5.35,271.29,1.42,6166,118,True
2023,Kildare,Mid-East,0.528,0.095,0.092,0.241,1049,9.54,15.46,5.54,1923.0,1.55,20106,-5.15,3055,242954,185938,6.63,43.69,12.68,15.15,21.86,6.38,236.93,1.23,5623,110,True
2024,Kildare,Mid-East,0.61,0.144,0.059,0.083,762,10.65,14.39,5.23,1925.0,5.75,21833,-1.74,6115,325571,176567,6.63,47.81,12.26,8.99,24.31,3.17,264.82,1.34,6222,107,True
2016,Kilkenny,South-East,0.619,0.146,0.066,0.283,1105,10.13,14.24,3.53,1903.6,3.17,21035,-3.64,3784,191111,297774,11.16,47.49,13.48,9.39,18.49,6.41,257.05,1.39,5640,152,True
2017,Kilkenny,South-East,0.628,0.117,0.04,0.28,1071,8.44,16.98,4.97,1904.3,2.89,20819,-6.02,4762,271797,231046,13.81,48.1,7.08,8.03,22.99,4.83,274.0,1.61,6833,148,True
2018,Kilkenny,South-East,0.587,0.112,-0.01,0.167,1054,9.74,16.32,4.29,1906.5,2.53,21527,-2.91,3824,327387,183322,12.01,43.92,9.25,9.91,24.91,3.26,220.67,1.2,5536,110,True
2019,Kilkenny,South-East,0.54,0.157,0.006,0.242,1100,10.08,15.6,4.57,1925.6,0.83,18466,-8.85,4167,381023,244602,14.02,39.16,10.43,6.02,30.38,3.13,275.66,1.05,5939,116,True
2020,Kilkenny,South-East,0.633,0.079,0.031,0.242,1107,9.1,15.96,4.97,1901.7,1.37,22301,-1.73,3609,265010,226232,10.34,44.04,11.83,9.05,24.73,6.01,271.33,1.36,6065,116,True
2021,Kilkenny,South-East,0.657,0.075,0.105,0.178,707,10.12,18.13,4.52,1905.8,2.02,22784,1.01,4000,293724,183793,8.39,31.22,7.35,8.2,44.84,3.67,229.16,1.57,6106,118,True
2022,Kilkenny,South-East,0.609,0.133,0.095,0.297,1058,9.98,19.16,3.95,1907.8,3.93,22678,0.65,3390,238408,255727,11.63,39.73,4.76,7.38,36.49,2.39,263.06,1.1,5902,117,True
2023,Kilkenny,South-East,0.612,0.214,0.087,0.218,973,9.6,12.16,4.24,1912.2,3.06,20865,-2.93,4350,332192,225854,13.68,48.55,7.94,7.04,22.79,2.16,249.74,1.68,6142,93,True
2024,Kilkenny,South-East,0.647,0.142,-0.035,0.191,1031,10.79,13.97,4.16,1910.2,1.51,20753,-2.49,3967,295159,174978,12.13,43.77,7.05,8.07,28.98,3.15,252.91,1.31,6596,141,True
2016,Laois,Midlands,0.656,0.171,0.007,0.185,967,10.35,16.75,3.45,1910.5,2.76,22762,-0.57,3331,304647,164370,1.98,46.11,15.07,10.18,26.66,3.36,261.25,1.62,6051,159,True
2017,Laois,Midlands,0.602,0.007,0.066,0.217,873,9.86,15.88,4.23,1916.1,1.69,20371,-6.12,4033,327538,164687,4.55,45.16,10.72,7.1,32.48,4.9,247.32,1.52,7213,115,True
2018,Laois,Midlands,0.629,0.221,0.062,0.242,1186,9.42,14.57,4.2,1900.3,2.93,22265,-2.01,3650,297437,167657,11.25,43.52,7.92,5.87,31.44,2.69,247.82,1.05,4850,131,True
2019,Laois,Midlands,0.658,0.1,0.064,0.18,1118,10.26,16.88,5.03,1900.4,1.35,20723,-6.39,3848,321563,166160,10.96,48.3,16.9,2.92,20.92,1.76,244.85,1.1,5691,144,True
2020,Laois,Midlands,0.61,0.059,0.063,0.273,1085,11.11,13.82,3.95,1886.8,2.44,21960,-1.59,4544,379317,129153,1.55,46.92,7.49,8.39,35.66,2.94,260.64,1.59,5269,99,True
2021,Laois,Midlands,0.659,0.135,0.038,0.265,977,9.58,14.88,3.56,1900.8,3.24,22479,-1.59,2623,265497,202040,6.57,55.81,10.15,4.8,22.66,1.76,277.78,1.86,6852,95,True
2022,Laois,Midlands,0.62,0.256,0.172,0.285,1226,9.6,15.42,4.09,1918.1,3.27,21177,-1.49,4532,331043,174335,8.1,41.3,7.33,6.84,36.44,2.97,235.28,1.63,6915,139,True
2023,Laois,Midlands,0.628,0.101,0.02,0.3,1111,8.77,15.89,4.16,1917.3,3.13,20766,-4.24,4031,383342,212393,6.67,46.46,13.16,5.52,28.18,2.53,252.9,1.2,6435,111,True
2024,Laois,Midlands,0.555,0.217,0.058,0.246,1227,10.57,17.03,4.29,1895.0,2.69,20411,-6.8,3496,246926,192045,4.66,34.76,5.65,9.07,45.87,2.93,290.59,1.43,5883,145,True
2016,Leitrim,Border,0.691,0.21,0.02,0.292,1538,9.49,16.78,3.5,1895.3,0.21,20240,-3.7,5361,272398,353721,1.85,40.03,7.01,1.78,49.33,0.88,243.53,1.1,5740,111,True
2017,Leitrim,Border,0.619,0.262,0.086,0.224,1313,10.31,15.18,4.3,1920.1,0.42,21403,-1.35,4814,249485,333939,7.38,47.04,10.17,4.54,30.86,2.64,232.61,1.2,6541,121,True
2018,Leitrim,Border,0.626,0.217,0.017,0.302,1369,10.0,13.56,3.28,1910.6,2.18,21112,-5.7,3606,280244,520777,5.78,54.41,12.87,4.03,22.9,1.6,255.08,1.56,6360,116,True
2019,Leitrim,Border,0.597,0.173,0.003,0.302,1306,9.79,14.63,4.69,1906.2,2.09,21497,-2.44,4385,303417,453473,8.17,50.32,6.71,1.52,33.27,0.68,269.79,1.49,6584,90,True
2020,Leitrim,Border,0.674,0.241,0.118,0.266,1434,10.69,15.6,4.3,1901.8,0.1,18522,-8.31,2581,308291,365508,6.01,49.76,8.95,2.62,32.66,0.9,255.53,1.81,5967,140,True
2021,Leitrim,Border,0.644,0.22,0.071,0.271,1367,10.03,17.19,3.43,1901.1,0.81,23299,2.09,4385,239201,304783,7.37,43.47,8.62,5.09,35.44,2.25,272.82,1.56,6096,145,True
2022,Leitrim,Border,0.647,0.178,0.039,0.254,1143,9.36,16.02,3.57,1927.9,0.48,21342,-4.5,4595,324065,325334,10.36,43.31,10.27,4.22,31.83,1.87,259.86,1.31,7253,135,True
2023,Leitrim,Border,0.714,0.079,-0.043,0.337,1235,9.86,17.53,4.03,1903.3,2.44,18896,-8.2,3188,314751,466547,3.69,46.53,6.31,4.17,39.3,2.41,255.77,1.3,5359,112,True
2024,Leitrim,Border,0.628,0.167,0.113,0.332,1421,8.59,16.39,3.14,1920.4,3.29,21201,-3.16,3850,315225,249821,9.58,47.0,8.11,3.52,31.79,2.3,246.58,1.4,6749,117,True
2016,Limerick,Mid-West,0.56,0.118,0.056,0.304,1195,10.23,17.27,3.9,1901.2,2.94,20886,-5.66,3516,453174,241696,8.24,62.65,10.95,1.59,16.56,0.78,242.82,1.64,7588,154,True
2017,Limerick,Mid-West,0.604,0.165,0.091,0.326,1250,10.65,16.94,3.77,1925.3,2.38,21118,-3.34,5153,516349,274363,6.78,66.19,12.33,7.57,7.14,2.74,312.42,1.56,6494,110,True
2018,Limerick,Mid-West,0.594,0.118,0.084,0.199,1069,9.73,15.44,5.11,1925.1,3.44,21226,-2.52,4137,418104,290061,3.06,49.63,10.79,7.11,29.41,2.75,240.53,1.06,6341,132,True
2019,Limerick,Mid-West,0.612,0.238,0.03,0.265,1264,10.63,17.14,4.0,1924.9,1.55,21073,-5.34,3766,587349,280183,7.61,50.76,9.38,5.06,27.19,1.71,285.02,1.61,6687,120,True
2020,Limerick,Mid-West,0.707,0.203,-0.004,0.281,1195,10.12,16.5,5.0,1923.9,3.51,23392,2.01,4115,518698,297028,5.12,64.38,6.54,6.05,17.91,2.37,306.35,1.77,7259,118,True
2021,Limerick,Mid-West,0.695,0.194,0.076,0.332,1267,9.32,16.21,4.16,1913.5,3.63,22518,-0.29,2978,487972,250062,8.69,47.13,11.6,8.23,24.35,2.98,293.62,1.84,7456,111,True
2022,Limerick,Mid-West,0.664,0.287,0.082,0.313,1438,9.88,15.5,4.48,1920.4,2.87,18678,-9.0,4309,518099,198204,10.39,64.44,7.6,5.59,11.98,1.75,264.64,1.39,6651,146,True
2023,Limerick,Mid-West,0.667,0.141,0.041,0.27,1231,10.4,17.2,3.66,1930.0,2.55,21365,-1.84,3612,490991,241791,6.77,51.0,8.47,6.69,27.07,2.57,260.43,1.07,6015,112,True
2024,Limerick,Mid-West,0.669,0.186,0.022,0.203,1169,10.06,15.91,3.57,1915.1,1.78,20560,-6.44,4476,465790,258164,4.97,49.44,8.91,4.89,31.8,2.06,244.77,1.78,7177,126,True
2016,Longford,Midlands,0.553,0.132,0.014,0.218,972,9.5,16.03,3.07,1908.9,0.78,19336,-6.68,4545,398775,192528,8.01,52.34,9.41,5.17,25.06,3.6,259.36,1.68,6694,98,True
2017,Longford,Midlands,0.608,0.171,0.033,0.171,1094,11.22,17.87,3.65,1928.4,1.87,21205,-3.95,5775,411398,206827,6.74,35.9,13.43,5.68,38.25,2.03,233.44,0.99,6063,99,True
2018,Longford,Midlands,0.625,0.094,0.051,0.244,1014,10.47,15.35,3.99,1902.8,1.56,22591,-0.68,4374,279444,171564,3.56,40.91,6.97,7.04,41.53,4.57,241.58,1.14,5971,137,True
2019,Longford,Midlands,0.587,0.104,0.012,0.19,1024,10.48,12.87,3.8,1915.7,1.98,19573,-9.4,1801,290870,173181,4.68,53.33,7.84,5.0,29.14,1.56,276.24,1.33,5418,165,True
2020,Longford,Midlands,0.584,0.132,0.05,0.224,1127,10.21,17.33,4.92,1910.6,0.34,20749,-4.2,3562,277112,136539,4.78,53.57,7.16,8.44,26.05,2.96,245.69,1.68,6684,157,True
2021,Longford,Midlands,0.662,0.084,0.078,0.229,1079,10.6,16.15,4.16,1913.7,2.5,21488,-2.77,4695,395749,188380,3.78,50.73,11.63,5.09,28.77,3.54,302.89,1.19,5470,111,True
2022,Longford,Midlands,0.591,0.043,0.004,0.236,1004,9.71,14.12,4.17,1917.6,0.22,21249,-1.01,4652,302130,183752,6.42,48.4,11.1,7.73,26.36,2.49,239.77,1.87,7117,121,True
2023,Longford,Midlands,0.586,0.133,0.006,0.312,1236,9.54,14.76,4.04,1916.3,1.52,19422,-6.83,2905,228211,158023,8.28,45.63,12.79,9.97,23.32,5.62,239.99,1.88,6850,124,True
2024,Longford,Midlands,0.617,0.105,0.007,0.253,1203,10.48,16.76,4.29,1906.0,2.71,23262,-1.57,4360,347947,158099,5.63,45.78,8.1,5.14,35.35,2.48,278.96,1.07,6076,85,True
2016,Louth,Mid-East,0.653,0.068,0.04,0.222,1130,9.92,15.86,6.02,1898.8,0.1,20556,-4.23,3670,413013,164993,1.33,42.67,9.57,14.31,32.13,7.33,268.32,1.37,6126,88,True
2017,Louth,Mid-East,0.669,0.116,0.091,0.189,963,10.3,16.08,5.56,1904.9,3.62,22509,-1.24,4915,316909,109196,7.07,35.63,13.14,12.81,31.35,5.15,249.67,1.11,6651,102,True
2018,Louth,Mid-East,0.584,0.099,0.083,0.208,933,10.32,14.2,5.08,1898.9,3.79,23746,1.51,2984,361826,202444,6.51,54.79,6.8,15.41,16.5,9.13,304.09,1.42,6430,124,True
2019,Louth,Mid-East,0.629,0.127,0.122,0.229,1151,10.06,17.75,6.81,1887.4,4.21,20236,-5.8,3446,345505,228847,3.05,53.08,7.58,14.62,21.67,5.94,300.16,1.75,6270,125,True
2020,Louth,Mid-East,0.525,0.003,0.085,0.185,845,10.54,16.68,4.67,1917.9,3.7,22150,-2.61,3613,405057,233635,7.23,42.85,8.58,10.78,30.56,3.45,278.44,1.4,6134,115,True
2021,Louth,Mid-East,0.573,0.148,0.1,0.202,990,10.09,16.05,5.61,1913.3,1.32,21817,-3.59,4624,399057,172167,6.17,52.26,8.19,10.74,22.63,6.68,244.17,1.29,6195,101,True
2022,Louth,Mid-East,0.585,0.073,0.031,0.191,1101,9.98,12.0,5.47,1927.3,3.78,21283,-2.89,3076,325897,157494,5.03,45.95,8.71,8.5,31.82,4.92,251.99,1.54,5758,130,True
2023,Louth,Mid-East,0.581,0.019,0.126,0.171,961,10.01,16.92,5.71,1923.7,2.95,22991,0.56,3086,313467,225406,5.48,48.63,12.35,11.25,22.29,5.97,250.49,1.61,7518,109,True
2024,Louth,Mid-East,0.525,0.035,0.113,0.2,816,9.07,17.07,5.66,1916.2,4.93,21797,-3.22,4720,309435,206898,8.96,37.93,14.0,12.9,26.21,7.39,295.35,0.9,6421,138,True
2016,Mayo,West,0.685,0.136,0.008,0.32,1408,10.64,14.44,4.64,1921.3,1.66,18845,-8.56,3981,486010,330043,5.2,45.46,8.18,4.63,36.54,2.18,233.38,1.45,7204,94,True
2017,Mayo,West,0.775,0.147,0.082,0.303,1522,10.76,16.02,4.46,1922.4,1.12,20608,-7.01,4510,490719,368783,6.92,45.89,6.36,7.12,33.72,4.02,245.68,1.71,7894,148,True
2018,Mayo,West,0.63,0.202,0.101,0.255,1351,9.02,17.06,3.77,1920.8,0.44,19914,-6.14,6212,429719,388329,3.9,53.51,4.23,5.2,33.16,2.37,258.29,1.43,6194,111,True
2019,Mayo,West,0.674,0.207,-0.003,0.402,1670,8.71,17.92,3.43,1906.5,3.36,20905,-5.32,4880,464622,285377,7.33,47.17,14.28,7.12,24.09,3.9,263.73,1.31,5593,142,True
2020,Mayo,West,0.762,0.203,0.006,0.317,1542,10.02,15.64,4.71,1940.8,2.79,19586,-4.46,3136,448685,297224,6.6,47.07,12.86,6.67,26.8,3.95,299.07,1.09,5465,115,True
2021,Mayo,West,0.65,0.189,0.089,0.278,1560,11.28,17.06,4.98,1915.2,3.91,21550,-3.06,4342,414940,328522,4.52,44.01,9.24,5.15,37.09,1.88,211.46,0.87,5450,93,True
2022,Mayo,West,0.723,0.162,0.12,0.271,1471,10.07,17.44,4.1,1923.1,4.93,20855,-6.45,3710,550600,297497,5.1,39.96,11.03,2.76,41.15,0.89,319.91,1.65,7235,141,True
2023,Mayo,West,0.663,0.301,0.046,0.266,1633,9.86,14.78,3.52,1917.3,1.91,22130,-3.4,5817,484127,443814,7.23,48.42,9.59,4.19,30.58,1.47,263.86,1.57,6435,122,True
2024,Mayo,West,0.667,0.234,0.095,0.293,1441,11.78,16.8,3.65,1926.4,1.79,19749,-8.02,3528,553227,358293,8.02,43.24,4.65,4.53,39.56,1.45,275.67,1.49,6056,146,True
2016,Meath,Mid-East,0.644,0.131,0.15,0.249,1030,11.03,16.67,5.34,1936.7,4.47,22638,-2.25,4116,282363,189483,12.35,54.53,11.09,10.77,11.26,3.58,233.76,1.19,5671,119,True
2017,Meath,Mid-East,0.611,-0.041,0.001,0.199,934,9.88,15.8,5.28,1915.9,2.53,21896,-2.06,4141,311435,212835,12.17,57.62,10.79,13.09,6.32,4.17,249.69,1.47,6154,130,True
2018,Meath,Mid-East,0.549,0.15,0.012,0.271,1006,9.56,14.92,6.23,1911.0,0.28,20923,-4.23,5224,296943,163306,9.69,35.41,8.02,13.33,33.55,4.95,251.08,1.46,6662,99,True
2019,Meath,Mid-East,0.62,0.162,0.076,0.3,1317,9.66,14.03,4.48,1897.0,2.68,22126,-2.41,4226,433955,218912,12.71,45.96,7.9,12.68,20.76,4.51,291.04,0.86,6080,77,True
2020,Meath,Mid-East,0.553,0.061,0.179,0.131,884,11.18,15.13,4.77,1929.0,5.63,22577,-2.33,4543,460031,231659,11.88,44.04,9.99,10.38,23.72,4.2,296.78,1.54,7622,145,True
2021,Meath,Mid-East,0.584,0.094,0.168,0.181,1099,10.04,19.66,4.29,1915.2,3.4,21544,-1.72,3711,302319,182079,11.85,50.12,15.36,10.22,12.46,4.73,285.81,1.46,6278,152,True
2022,Meath,Mid-East,0.652,0.123,0.104,0.177,1027,10.74,15.55,5.57,1905.7,2.63,20992,-5.3,5536,461550,223135,12.18,37.24,6.91,9.55,34.12,4.4,236.85,1.66,7464,131,True
2023,Meath,Mid-East,0.619,0.14,0.122,0.229,1120,11.34,17.13,5.23,1918.5,2.83,21254,-3.49,4607,410406,143301,13.96,40.16,3.92,13.58,28.37,5.21,258.02,1.38,6297,142,True
2024,Meath,Mid-East,0.589,0.181,0.132,0.182,1083,10.64,14.52,5.61,1894.2,3.46,23502,-0.13,2765,306198,204754,13.49,41.19,8.29,10.73,26.29,6.45,278.26,0.98,5022,129,True
2016,Monaghan,Border,0.67,0.149,0.017,0.304,1313,10.02,15.32,3.46,1916.2,2.2,21186,-4.99,4007,355339,559889,6.07,50.94,7.15,1.91,33.93,1.23,298.48,1.14,6306,129,True
2017,Monaghan,Border,0.665,0.139,0.065,0.285,1383,10.4,17.54,3.84,1912.7,1.62,21863,-2.37,4142,249620,371665,7.51,39.9,16.46,6.46,29.68,3.13,269.43,1.44,6170,111,True
2018,Monaghan,Border,0.591,0.28,0.046,0.321,1438,10.48,17.41,3.67,1902.7,1.89,20908,-5.85,3416,335697,471749,5.24,45.14,8.21,1.95,39.45,1.35,231.57,1.07,5935,73,True
2019,Monaghan,Border,0.722,0.221,0.028,0.35,1522,10.11,20.86,4.82,1895.6,0.1,19619,-6.06,3040,322359,477023,8.15,40.03,2.94,1.0,47.88,0.54,270.83,1.35,6097,119,True
2020,Monaghan,Border,0.649,0.253,0.038,0.291,1474,9.35,15.39,3.73,1919.4,1.84,19719,-8.04,4645,232966,504801,4.87,41.56,12.28,3.79,37.51,1.81,267.87,1.88,6589,122,True
2021,Monaghan,Border,0.663,0.221,0.033,0.257,1439,10.19,14.78,4.58,1918.6,1.14,21474,-3.65,2583,264809,345301,1.42,37.63,2.77,4.94,53.23,1.69,261.42,1.06,5040,90,True
2022,Monaghan,Border,0.594,0.201,0.051,0.261,1341,9.97,16.43,3.32,1912.9,1.56,21059,-2.0,3287,303088,353975,2.34,50.6,2.3,2.3,42.46,0.84,245.96,1.58,6328,76,True
2023,Monaghan,Border,0.647,0.177,0.036,0.253,1479,10.69,14.51,2.72,1908.2,1.65,20248,-6.92,3964,282004,419389,4.32,52.03,5.47,4.37,33.81,1.56,279.1,1.54,6625,93,True
2024,Monaghan,Border,0.642,0.113,0.014,0.315,1267,9.36,17.98,3.63,1908.6,0.86,19933,-4.71,5123,375325,329066,7.33,53.46,8.56,3.03,27.61,1.13,300.67,1.21,5893,117,True
2016,Offaly,Midlands,0.602,0.061,0.016,0.212,933,10.55,14.91,4.07,1909.1,1.33,21914,-0.19,2887,326714,188688,3.26,36.14,6.78,6.32,47.51,4.3,291.97,1.47,6994,111,True
2017,Offaly,Midlands,0.604,0.114,0.06,0.203,900,10.65,14.75,3.85,1883.8,3.04,21841,-0.5,4853,339105,144415,5.45,52.16,7.33,8.3,26.75,5.62,298.63,1.65,6711,129,True
2018,Offaly,Midlands,0.572,0.189,0.035,0.282,1033,10.12,18.5,3.36,1918.7,1.32,20149,-5.44,2800,368454,135665,5.78,48.29,11.85,5.82,28.26,2.97,263.52,1.18,6445,96,True
2019,Offaly,Midlands,0.617,0.181,0.067,0.208,1082,10.65,14.22,5.11,1919.4,0.1,21835,-3.02,3560,329435,189030,9.76,51.99,8.74,2.71,26.8,1.18,281.67,1.58,6241,103,True
2020,Offaly,Midlands,0.633,0.111,0.024,0.247,1162,9.7,19.28,4.06,1924.0,2.42,20751,-2.23,3513,322366,182142,6.78,33.66,15.05,6.73,37.79,2.47,293.62,1.65,5700,125,True
2021,Offaly,Midlands,0.655,0.204,0.038,0.343,1115,9.44,16.57,2.97,1916.4,0.51,21163,-4.3,3339,344330,156345,10.83,47.66,3.89,4.48,33.13,1.97,214.32,1.43,5215,122,True
2022,Offaly,Midlands,0.609,0.175,0.067,0.218,1297,10.42,14.7,4.56,1885.8,1.44,20484,-4.27,3212,321086,119519,5.8,41.53,7.56,6.4,38.72,3.0,280.59,1.35,5807,153,True
2023,Offaly,Midlands,0.599,0.14,0.057,0.264,1321,9.46,14.32,4.37,1923.0,0.92,21656,-3.56,3909,423127,206684,3.11,50.24,8.91,4.07,33.66,2.22,226.39,1.53,7068,108,True
2024,Offaly,Midlands,0.626,0.109,0.055,0.272,1184,11.89,15.84,4.32,1902.6,2.45,22686,-0.09,4599,366175,153174,3.62,46.91,6.02,6.56,36.88,4.35,248.31,1.61,7094,99,True
2016,Roscommon,West,0.683,0.142,0.036,0.285,1431,10.1,18.43,3.3,1917.0,1.65,20376,-5.74,4039,549319,327086,4.74,45.48,9.2,4.88,35.71,1.63,286.68,1.42,7427,110,True
2017,Roscommon,West,0.669,0.254,-0.001,0.309,1368,11.05,15.83,3.65,1916.7,2.09,19573,-7.79,3949,541197,405830,5.26,53.14,8.4,5.49,27.71,3.73,272.03,1.31,6151,106,True
2018,Roscommon,West,0.626,0.305,0.034,0.322,1670,9.55,19.18,3.24,1917.0,0.61,18480,-8.9,4800,407108,456113,4.3,45.82,2.0,8.39,39.49,2.54,289.21,1.73,6737,112,True
2019,Roscommon,West,0.66,0.254,0.106,0.321,1493,10.4,17.34,4.19,1902.8,0.1,20585,-4.94,3951,415252,365342,6.22,40.52,11.97,7.26,34.04,2.77,256.87,1.41,7070,83,True
2020,Roscommon,West,0.622,0.198,0.024,0.28,1513,10.89,15.85,3.91,1933.1,1.28,20016,-5.42,3951,438199,266261,8.44,39.17,11.95,4.8,35.64,1.79,252.02,1.43,7707,110,True
2021,Roscommon,West,0.671,0.277,-0.057,0.203,1450,10.16,16.59,3.7,1929.0,0.12,18000,-9.31,3211,466446,281316,6.28,41.24,10.48,3.06,38.94,1.23,194.43,1.22,6231,115,True
2022,Roscommon,West,0.647,0.239,0.026,0.25,1552,10.71,16.22,4.66,1927.0,4.39,23114,-1.18,3967,427360,508226,2.2,45.9,14.8,5.49,31.62,3.82,225.52,1.75,6574,127,True
2023,Roscommon,West,0.646,0.251,0.037,0.202,1312,9.49,18.15,4.54,1912.1,2.84,21222,-5.41,4394,461089,488362,8.69,46.26,9.63,4.88,30.53,3.16,238.05,1.82,7379,114,True
2024,Roscommon,West,0.645,0.245,0.01,0.252,1471,8.84,14.65,2.87,1912.0,4.34,21456,-1.96,3023,389246,250872,1.01,38.96,7.24,4.81,47.98,2.04,262.24,1.43,7431,81,True
2016,Sligo,Border,0.638,0.212,0.039,0.374,1539,10.78,14.83,4.16,1917.1,1.28,19068,-8.11,3155,354297,290043,3.54,40.24,7.73,4.25,44.24,2.47,230.51,1.21,5390,119,True
2017,Sligo,Border,0.691,0.2,0.036,0.293,1392,9.52,14.66,4.64,1901.5,1.32,20555,-6.95,4608,258773,475360,4.53,42.21,3.64,5.87,43.76,3.47,280.78,1.08,5954,118,True
2018,Sligo,Border,0.65,0.111,0.019,0.337,1457,9.81,13.51,3.92,1931.5,3.03,20365,-5.24,3247,297868,286083,1.0,45.28,8.25,2.88,42.58,1.02,224.93,1.25,6055,122,True
2019,Sligo,Border,0.671,0.24,0.106,0.341,1470,9.95,16.43,4.83,1887.1,1.92,20390,-5.37,2553,263776,428526,4.07,42.0,10.32,4.81,38.81,1.64,205.26,1.88,6696,106,True
2020,Sligo,Border,0.638,0.174,0.016,0.266,1419,10.31,15.0,2.94,1913.5,2.5,21376,-2.26,4671,314595,361643,3.75,39.21,12.24,1.28,43.51,0.82,290.38,1.67,7114,126,True
2021,Sligo,Border,0.673,0.151,0.017,0.346,1295,9.88,15.89,3.74,1905.7,2.73,21160,-5.35,4034,346841,346213,6.58,31.85,7.99,3.86,49.71,2.21,294.66,1.51,5896,99,True
2022,Sligo,Border,0.611,0.121,-0.057,0.306,1442,9.69,16.15,3.46,1906.5,2.64,21952,-2.42,2914,284673,436010,7.38,49.08,3.19,4.45,35.9,2.31,247.23,1.49,5984,98,True
2023,Sligo,Border,0.635,0.179,0.036,0.273,1440,9.9,15.27,3.48,1921.9,3.11,19467,-6.17,4416,362936,512131,7.57,39.78,7.97,1.89,42.78,0.66,287.7,1.45,6385,131,True
2024,Sligo,Border,0.652,0.252,0.053,0.278,1439,10.97,17.94,4.25,1898.1,3.06,19922,-5.81,3972,261968,439844,7.05,41.53,11.64,1.0,38.77,0.5,267.54,1.06,5891,128,True
2016,Tipperary,Mid-West,0.63,0.031,0.057,0.237,1094,11.08,16.81,3.58,1909.6,3.24,19965,-5.69,3764,485942,272371,10.14,54.7,10.47,6.59,18.1,4.47,236.0,1.76,6777,112,True
2017,Tipperary,Mid-West,0.664,0.162,0.012,0.234,1179,9.65,15.37,4.84,1925.0,4.69,22937,1.25,3957,395909,284373,12.42,60.67,10.5,4.9,11.51,2.79,246.25,1.28,6626,127,True
2018,Tipperary,Mid-West,0.711,0.086,-0.021,0.182,1217,10.28,16.13,4.84,1912.3,2.36,21182,-4.7,3809,563860,244264,13.8,49.25,11.62,6.47,18.87,3.8,262.69,1.37,6330,141,True
2019,Tipperary,Mid-West,0.719,0.089,0.057,0.278,1135,10.59,14.39,3.86,1928.5,0.72,22395,-1.19,4647,455269,236536,10.13,53.67,5.47,4.83,25.9,1.77,312.38,1.4,6462,142,True
2020,Tipperary,Mid-West,0.721,0.131,0.017,0.281,1216,10.94,15.98,5.02,1906.2,1.96,20649,-4.53,3913,500751,310542,11.21,60.56,9.69,8.75,9.79,4.06,305.99,1.88,6716,129,True
2021,Tipperary,Mid-West,0.616,0.143,-0.033,0.307,1159,10.49,17.03,3.89,1920.6,1.83,22317,-4.77,3637,498754,245238,9.78,59.63,10.07,9.45,11.07,3.63,295.9,1.71,6386,124,True
2022,Tipperary,Mid-West,0.626,0.283,-0.01,0.278,1344,10.56,15.41,3.32,1933.1,2.19,21154,-0.37,3687,455489,328685,18.6,54.03,4.88,5.53,16.96,2.2,260.16,1.65,6866,157,True
2023,Tipperary,Mid-West,0.612,0.183,0.016,0.33,1284,11.49,15.53,4.03,1914.3,1.63,21637,-2.91,3315,451874,324940,13.63,45.21,10.44,6.07,24.65,2.42,237.81,1.63,7184,157,True
2024,Tipperary,Mid-West,0.686,0.253,0.021,0.258,1388,9.5,14.82,3.81,1903.9,0.67,19450,-7.45,3593,520312,269506,12.31,46.02,11.88,5.03,24.76,2.25,281.84,1.55,7215,130,True
2016,Waterford,South-East,0.618,0.112,0.08,0.268,1169,9.91,17.43,4.61,1912.8,2.35,23530,2.48,4805,332527,204024,6.07,43.18,8.76,8.04,33.96,2.64,182.95,1.39,7165,118,True
2017,Waterford,South-East,0.625,0.142,0.013,0.269,1191,10.44,14.56,4.41,1917.6,2.63,20812,-3.45,4102,271902,88411,6.96,56.99,15.08,5.89,15.08,1.98,294.28,1.46,5945,114,True
2018,Waterford,South-East,0.671,0.051,0.085,0.162,936,10.38,13.75,4.8,1918.7,2.86,21063,-3.57,4823,246762,190900,6.04,39.15,10.94,8.59,35.28,4.42,261.44,1.61,6010,56,True
2019,Waterford,South-East,0.606,0.134,0.052,0.123,902,10.93,15.95,3.5,1916.2,2.32,23216,-0.45,3583,286072,168157,5.04,44.69,8.59,3.22,38.47,1.66,215.11,1.58,6510,119,True
2020,Waterford,South-East,0.556,0.021,0.082,0.253,833,9.78,15.61,4.15,1919.6,0.1,22151,-2.66,5056,313830,191080,7.57,43.32,8.53,5.25,35.33,2.61,259.87,1.55,6206,90,True
2021,Waterford,South-East,0.605,0.117,0.058,0.29,1040,10.8,17.92,3.91,1907.4,1.4,20124,-5.46,3294,372058,192854,7.47,44.06,13.21,7.37,27.88,3.28,248.87,1.51,5116,175,True
2022,Waterford,South-East,0.714,0.159,0.094,0.239,1064,10.29,17.77,4.32,1907.2,1.41,20764,-6.09,4152,296585,139351,6.37,41.87,18.23,6.93,26.61,3.63,296.83,1.26,5650,136,True
2023,Waterford,South-East,0.643,0.08,0.026,0.173,798,10.01,15.64,4.67,1904.0,3.85,22999,0.2,3498,317592,183191,7.25,46.21,7.73,6.15,32.66,2.84,270.01,1.57,5927,99,True
2024,Waterford,South-East,0.62,-0.002,0.011,0.239,932,10.13,14.4,4.76,1908.1,1.18,20671,-5.11,3602,329003,233416,6.67,40.06,7.45,4.69,41.13,2.49,297.39,1.38,6570,112,True
2016,Westmeath,Midlands,0.646,0.109,0.052,0.181,964,10.45,17.5,4.72,1920.9,0.83,21783,-1.65,3313,362341,157840,3.48,44.69,8.26,5.0,38.57,2.6,303.3,1.68,6370,129,True
2017,Westmeath,Midlands,0.554,0.154,0.04,0.243,1100,10.94,17.47,3.76,1930.3,3.45,21092,-5.42,4192,301487,172513,7.97,50.82,9.98,8.51,22.72,5.5,228.63,1.58,6263,102,True
2018,Westmeath,Midlands,0.642,0.101,0.035,0.27,1082,10.51,15.81,4.33,1908.7,3.44,21173,-4.53,5046,184186,144045,3.62,47.63,2.27,1.86,44.62,1.16,277.78,0.87,4499,128,True
2019,Westmeath,Midlands,0.675,0.123,0.051,0.253,1134,10.11,16.85,5.64,1891.8,3.02,21492,-2.34,4569,288446,158589,8.02,39.91,7.73,12.23,32.11,5.92,246.87,1.1,5275,147,True
2020,Westmeath,Midlands,0.603,0.147,0.05,0.277,1255,10.01,17.84,3.87,1913.0,3.14,21498,-2.95,3949,343720,179201,6.47,35.44,8.37,5.05,44.67,2.46,319.97,1.0,5210,108,True
2021,Westmeath,Midlands,0.66,0.2,0.07,0.294,1255,10.21,14.15,5.64,1934.7,1.38,22455,-0.63,3863,343956,111262,8.07,51.43,2.78,4.37,33.35,2.08,266.23,1.57,6834,121,True
2022,Westmeath,Midlands,0.615,0.034,0.086,0.23,1134,10.0,17.11,3.44,1908.4,0.1,19828,-6.17,4002,330882,168825,5.86,42.38,4.12,4.61,43.02,1.67,280.02,0.98,5775,117,True
2023,Westmeath,Midlands,0.669,0.077,0.053,0.244,1105,10.82,16.5,3.56,1922.4,4.99,22072,-1.25,2543,324056,139448,2.52,55.22,8.65,4.59,29.01,1.86,258.73,1.58,6434,131,True
2024,Westmeath,Midlands,0.638,0.167,0.067,0.27,1028,10.23,14.99,4.22,1920.9,2.29,20726,-4.25,3732,272225,227366,5.97,37.6,3.3,7.29,45.84,4.27,222.13,1.53,5463,112,True
2016,Wexford,South-East,0.593,0.079,0.055,0.224,969,10.16,17.03,4.46,1916.4,3.41,22366,-0.72,4383,228799,201808,10.27,41.05,7.28,8.46,32.95,2.76,274.85,1.25,6220,130,True
2017,Wexford,South-East,0.616,0.185,0.007,0.264,1144,10.68,14.23,4.38,1894.5,2.54,20718,-5.96,3460,300411,130489,13.63,39.71,13.21,12.1,21.35,3.89,239.11,1.07,5834,105,True
2018,Wexford,South-East,0.692,0.022,-0.018,0.21,950,9.6,16.82,4.41,1914.2,1.86,21529,-2.5,3704,346819,129618,9.71,55.39,7.09,7.43,20.39,2.8,264.1,1.45,6996,109,True
2019,Wexford,South-East,0.597,0.037,0.067,0.187,817,10.46,16.93,5.0,1936.4,0.35,22749,-0.38,4048,362469,226076,11.01,40.35,11.43,8.52,28.68,2.68,268.53,1.23,5803,103,True
2020,Wexford,South-East,0.583,0.3,0.013,0.242,1214,10.21,15.66,4.65,1918.0,3.55,23179,0.97,4246,252478,190749,8.51,52.22,9.54,11.14,18.6,3.72,282.48,1.87,6344,128,True
2021,Wexford,South-East,0.655,0.134,0.068,0.279,1175,10.02,16.77,4.16,1920.2,1.74,20626,-6.58,3679,277344,170641,7.69,33.15,6.75,8.22,44.19,4.92,266.86,1.39,6591,106,True
2022,Wexford,South-East,0.649,0.197,0.16,0.197,1131,9.87,14.0,4.82,1907.9,3.34,20349,-6.82,3487,265085,202842,14.57,48.6,13.86,8.32,14.66,4.7,273.46,1.72,6093,150,True
2023,Wexford,South-East,0.605,-0.045,0.137,0.211,793,9.79,18.09,4.86,1902.2,2.74,22449,-2.09,3722,292358,145983,10.13,56.44,4.69,8.95,19.78,3.01,247.71,1.45,5361,123,True
2024,Wexford,South-East,0.572,0.148,0.064,0.227,977,10.52,16.33,4.39,1906.8,2.66,22260,-3.58,4204,275755,190821,10.07,42.01,7.46,9.39,31.07,5.79,240.85,1.48,5949,113,True
2016,Wicklow,Mid-East,0.59,0.03,0.136,0.181,960,10.4,17.37,5.56,1913.8,3.21,21547,-2.16,3269,161941,216821,6.89,52.65,9.59,12.82,18.05,5.4,219.48,1.25,4583,114,True
2017,Wicklow,Mid-East,0.563,0.089,0.036,0.277,994,10.27,16.09,5.22,1909.1,5.31,21261,-4.83,4345,292448,177800,12.43,31.5,10.83,13.48,31.76,5.11,241.59,1.43,5557,145,True
2018,Wicklow,Mid-East,0.584,0.044,0.053,0.235,982,10.21,14.67,5.19,1901.0,6.01,21547,-1.6,3799,272485,194790,6.49,45.37,6.56,10.74,30.83,4.53,230.79,1.3,6150,122,True
2019,Wicklow,Mid-East,0.646,0.064,0.141,0.185,898,10.2,13.7,5.09,1906.4,4.45,21745,-1.74,3543,329921,115978,6.08,37.86,11.78,9.64,34.64,6.48,257.58,1.29,4830,90,True
2020,Wicklow,Mid-East,0.617,0.105,-0.008,0.194,949,9.41,17.19,4.98,1904.5,2.9,20926,-3.89,3889,390243,202044,8.85,44.39,7.55,16.0,23.21,8.95,280.48,1.74,6449,123,True
2021,Wicklow,Mid-East,0.626,0.123,0.066,0.124,876,10.08,15.95,5.39,1916.9,3.7,21969,-1.91,3701,429560,192368,5.58,54.82,8.45,11.0,20.15,6.91,261.67,1.65,5707,145,True
2022,Wicklow,Mid-East,0.621,0.125,0.041,0.283,1124,10.22,16.9,6.24,1901.9,1.71,21204,-4.34,2203,357609,219139,4.98,48.07,10.86,15.16,20.93,4.78,261.62,1.09,5633,132,True
2023,Wicklow,Mid-East,0.594,0.075,0.125,0.228,874,8.68,15.66,5.56,1926.0,1.58,22253,-0.74,3403,284922,131306,7.88,41.31,6.43,10.68,33.7,5.36,244.43,1.27,6146,117,True
2024,Wicklow,Mid-East,0.618,0.146,0.073,0.21,923,10.4,18.43,5.38,1915.2,3.93,21392,-2.44,5708,264535,136721,7.82,55.19,2.06,10.98,23.95,6.21,249.96,1.83,6008,136,True
